ModelID,CRISPRGeneEffect,CRISPRGeneDependency
ACH-000001,-0.092109154,0.051137573
ACH-000004,-0.007381166,0.02262794
ACH-000005,-0.13703545,0.054693236
ACH-000007,0.087101686,0.005481161
ACH-000009,-0.027909676,0.041013064
ACH-000011,-0.101561031,0.045558577
ACH-000012,-0.02198925,0.024668758
ACH-000013,-0.205600785,0.144140979
ACH-000014,-0.032877444,0.023153902
ACH-000015,0.022232801,0.009417753
ACH-000017,-0.053917254,0.048534362
ACH-000018,-0.011405467,0.018169902
ACH-000019,-0.418282222,0.370698111
ACH-000021,-0.065562499,0.039031609
ACH-000022,-0.190733938,0.092724554
ACH-000023,-0.066664081,0.05742849
ACH-000024,-0.077778261,0.061558461
ACH-000025,-0.159614415,0.098459936
ACH-000026,0.146979504,0.003094566
ACH-000028,-0.052689293,0.025729258
ACH-000029,-0.073394908,0.04576638
ACH-000030,0.021352041,0.016433599
ACH-000035,0.123619988,0.006743864
ACH-000036,-0.138430704,0.081799311
ACH-000037,-0.073530251,0.049913168
ACH-000039,-0.227568904,0.105884171
ACH-000040,-0.035999881,0.035169051
ACH-000041,-0.123543847,0.051074587
ACH-000042,-0.208243227,0.113250864
ACH-000045,-0.011628875,0.018256187
ACH-000047,-0.168113643,0.100779835
ACH-000048,-0.080324733,0.028655503
ACH-000052,-0.118938956,0.048032554
ACH-000053,-0.055117295,0.048937024
ACH-000054,-0.08002134,0.049630428
ACH-000055,-0.148736073,0.067779939
ACH-000060,-0.044017504,0.03759466
ACH-000067,-0.021114508,0.028834327
ACH-000070,-0.267518308,0.180507806
ACH-000074,-0.177301461,0.089132176
ACH-000075,0.038494534,0.017520659
ACH-000076,-0.389436299,0.321953818
ACH-000077,-0.254202478,0.122588902
ACH-000078,-0.090150208,0.048873629
ACH-000082,-0.114596642,0.087069359
ACH-000085,-0.116792953,0.048159934
ACH-000086,-0.135929441,0.081792198
ACH-000087,-0.241754191,0.127713085
ACH-000090,0.00418627,0.016035316
ACH-000092,-0.14761016,0.089050445
ACH-000093,-0.213556053,0.086575596
ACH-000094,-0.25200469,0.181214208
ACH-000095,-0.212052968,0.153274508
ACH-000096,-0.106159356,0.047174313
ACH-000097,-0.001903115,0.021507758
ACH-000098,-0.144437044,0.106686485
ACH-000099,-0.143733005,0.086765111
ACH-000100,0.000720522,0.01702871
ACH-000101,-0.100682558,0.054007951
ACH-000103,-0.185308193,0.106927073
ACH-000106,0.052493354,0.01279464
ACH-000108,-0.131950109,0.076715877
ACH-000111,-0.247883251,0.145556688
ACH-000113,-0.29114887,0.240484933
ACH-000114,-0.115265074,0.071039195
ACH-000115,-0.128326647,0.083828363
ACH-000116,-0.233879928,0.183562784
ACH-000118,-0.239161085,0.166871303
ACH-000120,0.05473655,0.01081649
ACH-000123,-0.25021644,0.182758218
ACH-000124,0.030751905,0.014221085
ACH-000127,-0.103158703,0.071971991
ACH-000128,-0.123837384,0.059870228
ACH-000132,-0.002033811,0.020599837
ACH-000133,-0.159332132,0.106992361
ACH-000137,-0.079298285,0.045455959
ACH-000138,0.007407645,0.021181023
ACH-000139,0.106942301,0.013636807
ACH-000141,-0.11892599,0.061079794
ACH-000142,0.095638355,0.008076958
ACH-000143,-0.461502556,0.536553865
ACH-000144,-0.015902002,0.038588185
ACH-000145,-0.103158013,0.069913681
ACH-000146,-0.167623491,0.122204248
ACH-000147,-0.12714088,0.063020973
ACH-000148,-0.202589394,0.139381383
ACH-000149,-0.059417447,0.02683154
ACH-000151,-0.387063129,0.305258525
ACH-000152,-0.201998385,0.146302259
ACH-000153,-0.036546981,0.027988636
ACH-000155,-0.148829279,0.111292663
ACH-000159,-0.152105366,0.095626141
ACH-000160,-0.392851885,0.443297701
ACH-000161,-0.118517634,0.052249335
ACH-000163,-0.111594391,0.062450139
ACH-000164,-0.083496935,0.062838837
ACH-000167,-0.183336488,0.085430125
ACH-000168,0.022064718,0.018850765
ACH-000169,-0.182982647,0.113395578
ACH-000172,-0.070130975,0.039672575
ACH-000174,-0.238003384,0.222577823
ACH-000176,-0.192917512,0.122513449
ACH-000178,0.023830336,0.009309656
ACH-000181,-0.145536078,0.088746757
ACH-000182,0.018078636,0.018030131
ACH-000183,-0.083947838,0.035815801
ACH-000187,-0.254975469,0.163787839
ACH-000188,-0.138774318,0.07109566
ACH-000189,0.099170728,0.010327553
ACH-000190,-0.068227438,0.029362686
ACH-000191,-0.000847301,0.025090087
ACH-000192,-0.288845334,0.147213833
ACH-000195,-0.13125064,0.061214602
ACH-000198,-0.207116968,0.164418088
ACH-000200,-0.012196825,0.022619845
ACH-000202,-0.059260751,0.026631293
ACH-000203,-0.117799945,0.036547002
ACH-000204,-0.166887657,0.075816352
ACH-000206,0.039067362,0.010543112
ACH-000207,0.158566872,0.00612916
ACH-000208,-0.109952435,0.034690085
ACH-000209,-0.432165533,0.393544283
ACH-000210,-0.275068738,0.126647001
ACH-000211,-0.248049999,0.210254308
ACH-000212,-0.356881075,0.355029465
ACH-000213,0.048714459,0.020407946
ACH-000215,-0.082496398,0.060853133
ACH-000216,-0.153591381,0.154127024
ACH-000217,-0.09587191,0.053440606
ACH-000219,-0.066089675,0.028590256
ACH-000221,-0.10642722,0.043491603
ACH-000222,-0.305936279,0.264998145
ACH-000223,-0.21170883,0.196291812
ACH-000226,0.020732386,0.010778929
ACH-000227,-0.050764214,0.033854544
ACH-000228,-0.017466915,0.026718448
ACH-000231,-0.214457788,0.191432296
ACH-000232,-0.034798901,0.02533353
ACH-000233,-0.116380108,0.062008682
ACH-000234,-0.140502031,0.094805357
ACH-000235,-0.076113948,0.059294789
ACH-000237,-0.207768513,0.106452549
ACH-000238,0.004511098,0.025035618
ACH-000239,-0.207141155,0.065092933
ACH-000242,-0.132438519,0.051384311
ACH-000243,-0.073009038,0.050866845
ACH-000244,-0.141619254,0.060281029
ACH-000246,-0.30182805,0.276085888
ACH-000247,-0.544857716,0.651802084
ACH-000248,-0.3261004,0.254602012
ACH-000249,-0.066225726,0.031789254
ACH-000250,-0.154175987,0.117965252
ACH-000251,0.109498851,0.009177497
ACH-000252,-0.150269509,0.06539249
ACH-000253,-0.248703443,0.179230949
ACH-000255,-0.031907409,0.022838302
ACH-000256,0.059538587,0.014267732
ACH-000257,-0.123665277,0.050189016
ACH-000258,0.045909598,0.018452873
ACH-000259,-0.267481025,0.229684042
ACH-000260,-0.373395238,0.462304488
ACH-000261,-0.147908901,0.11204371
ACH-000262,-0.233796693,0.133514173
ACH-000263,-0.168242309,0.079260266
ACH-000264,-0.277539846,0.309678346
ACH-000265,0.057245322,0.00662187
ACH-000266,-0.217206235,0.192151953
ACH-000268,-0.051424661,0.026215734
ACH-000269,0.244356269,0.003559882
ACH-000271,-0.048468198,0.033776053
ACH-000272,-0.017848071,0.031143404
ACH-000273,-0.056708502,0.044506191
ACH-000274,-0.079163182,0.049852475
ACH-000276,0.06755837,0.013565186
ACH-000277,-0.205009341,0.147072345
ACH-000278,-0.063495384,0.030000746
ACH-000279,-0.274121767,0.279950476
ACH-000280,-0.015391929,0.026051199
ACH-000281,0.0395118,0.015938966
ACH-000286,0.00547219,0.019814537
ACH-000288,-0.109158053,0.066488785
ACH-000290,-0.082660361,0.05890454
ACH-000291,-0.101435605,0.080167403
ACH-000292,-0.170089673,0.065548831
ACH-000293,-0.323444428,0.256790394
ACH-000294,-0.122711422,0.064149558
ACH-000295,-0.03483675,0.025400416
ACH-000296,0.01561225,0.018228219
ACH-000302,-0.134693329,0.090477019
ACH-000303,-0.112518748,0.051244098
ACH-000304,-0.196436566,0.077647865
ACH-000305,-0.288255334,0.316930339
ACH-000307,-0.169347655,0.124403225
ACH-000308,-0.210032019,0.18819016
ACH-000310,-0.344955069,0.285201309
ACH-000311,-0.092450565,0.039592097
ACH-000312,-0.15946829,0.072470855
ACH-000313,-0.053992526,0.052043451
ACH-000315,-0.107963777,0.041530447
ACH-000316,-0.122500349,0.068152949
ACH-000317,-0.096474382,0.040263359
ACH-000318,-0.014505725,0.018131788
ACH-000319,-0.104592568,0.051745667
ACH-000320,-0.002647015,0.019871728
ACH-000322,-0.162353106,0.081127363
ACH-000323,-0.234371244,0.149212159
ACH-000324,-0.040264959,0.032543658
ACH-000325,-0.098657954,0.04524616
ACH-000326,-0.314805855,0.303003439
ACH-000329,-0.291534897,0.276027017
ACH-000330,0.200486114,0.003175281
ACH-000331,0.08726113,0.008137133
ACH-000332,-0.007040333,0.030017482
ACH-000334,-0.024412178,0.035635432
ACH-000335,-0.132432499,0.054975245
ACH-000336,-0.15460194,0.07155661
ACH-000337,-0.272064227,0.17921987
ACH-000338,-0.002243902,0.020191725
ACH-000339,-0.144687334,0.085723718
ACH-000341,-0.225528067,0.151083132
ACH-000343,-0.05393276,0.041692556
ACH-000344,-0.176802482,0.101429176
ACH-000346,-0.05251806,0.02987879
ACH-000348,-0.150110789,0.126927675
ACH-000350,-0.126659297,0.045130179
ACH-000352,-0.316541273,0.32573943
ACH-000354,-0.013208316,0.028566552
ACH-000355,-0.07015154,0.027331498
ACH-000356,-0.008288511,0.017327177
ACH-000359,-0.323730663,0.242244303
ACH-000361,-0.143001,0.054731763
ACH-000362,-0.186095381,0.119921232
ACH-000363,-0.04753701,0.043991385
ACH-000364,-0.225518482,0.148903603
ACH-000365,-0.112377068,0.059085708
ACH-000366,-0.112362963,0.073776243
ACH-000367,-0.238520281,0.137490978
ACH-000368,-0.349260945,0.290086326
ACH-000370,-0.020927407,0.027102786
ACH-000371,0.014692886,0.013371281
ACH-000374,0.052543087,0.012041589
ACH-000375,-0.084937792,0.040808508
ACH-000376,-0.217062324,0.20458194
ACH-000377,-0.092092777,0.042103827
ACH-000378,-0.163720456,0.069097241
ACH-000381,-0.306456994,0.219593726
ACH-000383,-0.112336711,0.104266363
ACH-000385,-0.165746035,0.077764273
ACH-000387,-0.161241729,0.107721605
ACH-000389,-0.305262391,0.166913634
ACH-000390,-0.114373784,0.070594069
ACH-000391,-0.192138899,0.114346544
ACH-000393,-0.063076922,0.041709751
ACH-000395,-0.159381404,0.094754991
ACH-000396,-0.225844204,0.084352624
ACH-000397,-0.005459395,0.030135491
ACH-000398,-0.116079909,0.053110189
ACH-000401,-0.104827157,0.040535927
ACH-000402,0.079368266,0.009227278
ACH-000403,-0.024392725,0.041602298
ACH-000404,-0.354169592,0.241934817
ACH-000405,0.069832367,0.006766211
ACH-000406,-0.096324992,0.062225287
ACH-000407,-0.043568007,0.033552291
ACH-000408,-0.16397621,0.068002722
ACH-000410,-0.028621747,0.028774902
ACH-000411,-0.061667752,0.034444696
ACH-000414,-0.092832517,0.049884479
ACH-000415,-0.05167517,0.038138491
ACH-000416,-0.125240196,0.09724771
ACH-000417,-0.078627682,0.058621282
ACH-000420,-0.175045671,0.093009887
ACH-000421,-0.009755471,0.023724759
ACH-000422,0.038290937,0.013031405
ACH-000424,-0.058459164,0.030328755
ACH-000425,0.126158533,0.007658693
ACH-000426,-0.143264391,0.072916562
ACH-000427,-0.120892067,0.053742191
ACH-000430,-0.08536216,0.048710644
ACH-000431,-0.213314379,0.13873614
ACH-000433,-0.00145278,0.021168868
ACH-000434,-0.111496342,0.046327386
ACH-000435,-0.114347928,0.039555144
ACH-000436,-0.221008333,0.122278378
ACH-000437,-0.027547183,0.03645904
ACH-000438,-0.143106553,0.068502502
ACH-000441,-0.083873142,0.049723296
ACH-000442,-0.000279575,0.02299109
ACH-000444,-0.101832321,0.046063265
ACH-000445,-0.166085467,0.083822981
ACH-000448,0.067610325,0.013697731
ACH-000450,-0.035670181,0.019166195
ACH-000452,-0.098625718,0.078326594
ACH-000454,0.015144574,0.012690301
ACH-000455,-0.138241282,0.103209827
ACH-000456,-0.117145771,0.083593516
ACH-000458,-0.104990894,0.038462906
ACH-000459,-0.208196142,0.055950338
ACH-000460,-0.160205918,0.094334142
ACH-000461,-0.183753474,0.13390793
ACH-000463,-0.034314139,0.025195591
ACH-000464,-0.381051965,0.363709114
ACH-000466,-0.140059455,0.083355226
ACH-000467,-0.117921067,0.051494918
ACH-000468,-0.138130637,0.070231059
ACH-000469,0.008050117,0.020491394
ACH-000470,-0.066612708,0.044497289
ACH-000471,-0.262739062,0.234907428
ACH-000472,-0.198519879,0.185644929
ACH-000473,-0.244188092,0.123398026
ACH-000475,-0.12417545,0.0868599
ACH-000476,-0.145822889,0.072640303
ACH-000477,-0.085775386,0.04142334
ACH-000478,-0.0951458,0.070739129
ACH-000479,0.148601782,0.009187595
ACH-000480,-0.079180242,0.030325056
ACH-000481,0.022025872,0.022185467
ACH-000483,-0.113929435,0.061535073
ACH-000484,-0.323227505,0.218356994
ACH-000485,-0.092167347,0.056976442
ACH-000486,-0.145743074,0.081475971
ACH-000487,-0.193351931,0.131572035
ACH-000488,-0.064053516,0.033455699
ACH-000489,-0.00933355,0.029861527
ACH-000490,-0.09605757,0.051065638
ACH-000491,0.022173276,0.018956552
ACH-000493,-0.064715438,0.033755468
ACH-000495,-0.054383016,0.03130343
ACH-000496,-0.157918649,0.101363652
ACH-000498,-0.238216221,0.099894539
ACH-000499,-0.205687908,0.094487445
ACH-000500,-0.253416932,0.115204239
ACH-000501,-0.447946916,0.336648864
ACH-000502,-0.118597681,0.053533283
ACH-000503,-0.011280227,0.019939347
ACH-000504,-0.108475523,0.057219147
ACH-000505,-0.099074065,0.074979098
ACH-000507,-0.173419253,0.105095813
ACH-000510,-0.143507002,0.097912272
ACH-000511,-0.220694578,0.165196134
ACH-000512,-0.070334581,0.038984688
ACH-000514,-0.226867225,0.150246478
ACH-000515,0.028501753,0.012612065
ACH-000516,-0.138835705,0.076389392
ACH-000517,-0.174317617,0.160350224
ACH-000518,-0.058484343,0.030829267
ACH-000520,-0.251629399,0.168024519
ACH-000521,-0.064152509,0.037620004
ACH-000522,-0.110408255,0.07385554
ACH-000524,-0.196525015,0.165616026
ACH-000525,-0.198344945,0.176804236
ACH-000527,-0.063789356,0.035183529
ACH-000528,-0.068736181,0.035521443
ACH-000532,0.054923949,0.011818193
ACH-000533,-0.587566556,0.785139162
ACH-000535,-0.163316295,0.08265699
ACH-000537,-0.071019407,0.044774684
ACH-000541,0.040771176,0.01618003
ACH-000542,-0.125611638,0.075336662
ACH-000544,-0.170800601,0.103757065
ACH-000545,-0.036254162,0.025728276
ACH-000546,-0.029758016,0.021853884
ACH-000547,-0.005159025,0.018258745
ACH-000548,-0.167043872,0.110985723
ACH-000549,0.048603281,0.010716579
ACH-000550,0.011693,0.027390536
ACH-000551,-0.10442497,0.057315812
ACH-000552,-0.001993591,0.023178197
ACH-000554,-0.19787454,0.162612926
ACH-000556,-0.121554977,0.056592606
ACH-000557,-0.072247554,0.034935918
ACH-000558,0.163459332,0.007212369
ACH-000559,-0.099339971,0.058172032
ACH-000561,-0.194619411,0.132627217
ACH-000562,-0.241536434,0.168863934
ACH-000563,0.006604022,0.017040589
ACH-000565,-0.157926674,0.075490736
ACH-000567,-0.180660758,0.108268876
ACH-000569,-0.079403639,0.04071225
ACH-000570,-0.102866496,0.059366522
ACH-000571,-0.145467629,0.120868819
ACH-000573,-0.149615833,0.08839885
ACH-000576,-0.054403936,0.038200612
ACH-000577,-0.148449228,0.070029067
ACH-000579,-0.060836524,0.030824425
ACH-000580,-0.172674873,0.077823826
ACH-000581,-0.178423096,0.105293911
ACH-000583,-0.097279841,0.034066677
ACH-000584,-0.162557794,0.104940278
ACH-000585,-0.139354054,0.101038503
ACH-000587,-0.145073901,0.113368246
ACH-000588,-0.175697445,0.089835453
ACH-000589,-0.089196315,0.049222536
ACH-000591,-0.222368001,0.138919099
ACH-000592,-0.184542561,0.12120566
ACH-000593,-0.010897085,0.022735535
ACH-000595,-0.043796674,0.042970842
ACH-000596,-0.119942364,0.063257351
ACH-000597,-0.163905947,0.084033274
ACH-000599,-0.102162447,0.062668868
ACH-000601,-0.063342204,0.038616265
ACH-000602,-0.099890451,0.060549269
ACH-000604,-0.077760543,0.03435791
ACH-000605,-0.171205734,0.088216946
ACH-000606,0.007631531,0.012700704
ACH-000607,-0.15765557,0.08561587
ACH-000608,0.05323899,0.023480476
ACH-000609,-0.106360241,0.063328581
ACH-000614,0.015524257,0.016370355
ACH-000616,-0.085536499,0.041391563
ACH-000618,-0.292450987,0.258232561
ACH-000619,-0.135739872,0.077798894
ACH-000620,-0.282884732,0.264097028
ACH-000621,0.045408666,0.022429758
ACH-000622,-0.039075673,0.044475221
ACH-000623,-0.230693672,0.146911743
ACH-000624,-0.120521788,0.086010441
ACH-000627,-0.08169008,0.058603456
ACH-000630,-0.048898147,0.040067264
ACH-000631,-0.044212978,0.029742056
ACH-000632,-0.095530864,0.064064362
ACH-000633,-0.25192202,0.213288334
ACH-000634,-0.29872424,0.192159117
ACH-000637,0.086269676,0.007385287
ACH-000638,0.052390174,0.010105682
ACH-000639,-0.14039657,0.085179679
ACH-000645,-0.258624835,0.180772506
ACH-000646,0.001204141,0.025851392
ACH-000647,-0.096564477,0.068953744
ACH-000648,-0.100276957,0.058097263
ACH-000649,-0.150615096,0.098392221
ACH-000651,-0.134639768,0.073643232
ACH-000652,-0.196143756,0.142184026
ACH-000653,-0.204849212,0.149096274
ACH-000654,-0.253096415,0.173016827
ACH-000655,-0.211223026,0.128419459
ACH-000656,0.102647367,0.00819209
ACH-000657,-0.18367998,0.097398408
ACH-000660,0.036649091,0.009170711
ACH-000661,-0.305005623,0.257982372
ACH-000662,0.082942013,0.010381022
ACH-000663,0.102629926,0.007971401
ACH-000664,-0.051667991,0.037248138
ACH-000665,-0.148016001,0.087220223
ACH-000666,-0.198871186,0.094533563
ACH-000667,-0.036612151,0.035268665
ACH-000668,-0.018824963,0.036191657
ACH-000671,-0.272616521,0.248299693
ACH-000672,-0.14957977,0.043585151
ACH-000673,-0.112853307,0.082221806
ACH-000676,-0.029075458,0.025357625
ACH-000677,0.040576615,0.013400275
ACH-000681,-0.080654438,0.034647686
ACH-000682,-0.083936379,0.054997296
ACH-000683,-0.130759831,0.070861423
ACH-000684,-0.171049672,0.056735739
ACH-000685,-0.024928861,0.022522695
ACH-000688,-0.13550358,0.057440825
ACH-000693,-0.018074557,0.017761517
ACH-000694,-0.135916828,0.083571166
ACH-000695,-0.139009783,0.05829865
ACH-000696,0.039278236,0.00961517
ACH-000697,-0.180773057,0.099386413
ACH-000698,-0.155587659,0.068167251
ACH-000699,-0.160574757,0.128496531
ACH-000700,0.187827429,0.007136226
ACH-000701,-0.017322492,0.024755099
ACH-000702,-0.135084618,0.075188459
ACH-000704,-0.016770059,0.026931257
ACH-000706,-0.072953704,0.039125667
ACH-000709,-0.105352917,0.046364903
ACH-000711,-0.081305019,0.050005901
ACH-000713,-0.027457493,0.021805389
ACH-000714,-0.08522472,0.065637828
ACH-000716,-0.196090494,0.13422605
ACH-000717,-0.222133808,0.138537514
ACH-000718,-0.184366543,0.124968782
ACH-000719,-0.144593953,0.122489921
ACH-000720,-0.198541684,0.164438215
ACH-000721,0.00063099,0.02243419
ACH-000722,-0.142760389,0.070787137
ACH-000724,-0.192692845,0.089373523
ACH-000725,-0.012575924,0.033012803
ACH-000732,-0.017892344,0.018141555
ACH-000734,-0.043250942,0.030942945
ACH-000735,0.051229599,0.014127776
ACH-000736,-0.101981805,0.049052754
ACH-000738,-0.200882065,0.134448676
ACH-000739,-0.027369623,0.024389039
ACH-000740,-0.096148579,0.050984768
ACH-000741,0.070888269,0.008701892
ACH-000746,0.020086447,0.017196971
ACH-000747,0.204256134,0.001947296
ACH-000748,-0.062435097,0.050282627
ACH-000749,-0.089988863,0.032084432
ACH-000753,-0.141647742,0.101619766
ACH-000754,-0.104381995,0.062813987
ACH-000756,-0.197086613,0.118191522
ACH-000757,-0.070864236,0.034856068
ACH-000758,0.064273073,0.00756406
ACH-000760,-0.123194764,0.079630328
ACH-000762,-0.039531416,0.024965344
ACH-000763,0.001670338,0.019787368
ACH-000764,-0.254627276,0.13410772
ACH-000765,-0.168428443,0.09274572
ACH-000766,-0.085056998,0.055527492
ACH-000767,-0.073974394,0.047894465
ACH-000768,-0.000918386,0.014846355
ACH-000769,-0.077775504,0.040660288
ACH-000770,-0.213756784,0.143274481
ACH-000771,-0.140925957,0.068747822
ACH-000773,-0.025350478,0.031585172
ACH-000774,-0.068485141,0.029318811
ACH-000775,-0.117144113,0.066627338
ACH-000776,-0.074590608,0.032416361
ACH-000777,-0.09392541,0.046373225
ACH-000778,0.084602015,0.010298385
ACH-000781,0.046340954,0.01134424
ACH-000782,-0.299828775,0.177333026
ACH-000783,-0.035212447,0.044797054
ACH-000784,-0.014709935,0.017710915
ACH-000785,-0.005900564,0.031231526
ACH-000787,-0.046280974,0.033203872
ACH-000788,-0.124921086,0.094896761
ACH-000790,-0.006488335,0.016634936
ACH-000791,-0.037764191,0.031845342
ACH-000792,-0.17834566,0.129304607
ACH-000793,-0.258053967,0.247771327
ACH-000794,-0.093190186,0.052765719
ACH-000796,-0.104350327,0.083809543
ACH-000798,-0.152969609,0.064399266
ACH-000799,-0.05319414,0.040834196
ACH-000800,0.065239493,0.009614384
ACH-000801,-0.177819497,0.089479626
ACH-000802,-0.193682999,0.134053338
ACH-000804,-0.173299061,0.091747195
ACH-000805,-0.134839626,0.066571118
ACH-000807,0.002408243,0.024701539
ACH-000809,-0.05752522,0.044126836
ACH-000810,-0.252519304,0.114449784
ACH-000811,-0.047762999,0.039766422
ACH-000817,-0.110794729,0.05116454
ACH-000819,-0.278228656,0.210564595
ACH-000820,0.09369539,0.009581655
ACH-000821,0.312650764,0.002176126
ACH-000822,-0.026126877,0.044841964
ACH-000823,-0.126046143,0.07224104
ACH-000824,-0.043003678,0.038372258
ACH-000826,-0.229944331,0.105944222
ACH-000827,-0.105891943,0.047793243
ACH-000829,0.123744558,0.003907907
ACH-000831,-0.110616363,0.050328763
ACH-000832,0.055002588,0.005936152
ACH-000833,-0.261069031,0.147302004
ACH-000834,-0.087581995,0.044247814
ACH-000835,-0.111896793,0.067438787
ACH-000836,-0.045077668,0.032095025
ACH-000837,-0.24860763,0.17097873
ACH-000838,-0.090531892,0.048025403
ACH-000839,-0.135001449,0.065527866
ACH-000840,-0.076449156,0.037008938
ACH-000841,-0.12658969,0.069941662
ACH-000843,-0.064370759,0.036182656
ACH-000845,-0.11329959,0.050807449
ACH-000846,-0.241337565,0.106180629
ACH-000847,0.025665863,0.012492352
ACH-000848,-0.134436648,0.066240166
ACH-000849,-0.067491841,0.035964798
ACH-000851,-0.052795988,0.028252669
ACH-000853,0.111669437,0.00451034
ACH-000855,0.107379525,0.004342326
ACH-000856,-0.154676781,0.064296089
ACH-000858,-0.155410149,0.08768555
ACH-000859,0.033734106,0.016719503
ACH-000860,-0.140853455,0.075493857
ACH-000861,-0.14266954,0.076658513
ACH-000862,-0.013907089,0.025071717
ACH-000863,-0.255124448,0.193337696
ACH-000864,-0.374700124,0.29122871
ACH-000865,-0.150781816,0.085923102
ACH-000866,-0.126604688,0.061545925
ACH-000867,-0.091485991,0.064579153
ACH-000869,-0.123609489,0.079962854
ACH-000871,-0.121474512,0.055289227
ACH-000872,0.059514741,0.011334305
ACH-000873,-0.045773559,0.023869675
ACH-000876,-0.032916471,0.030228751
ACH-000878,0.142489096,0.011302782
ACH-000879,-0.383612962,0.261454223
ACH-000880,-0.159745116,0.084645732
ACH-000881,-0.142924355,0.063085184
ACH-000882,-0.241187392,0.179273944
ACH-000884,-0.059214701,0.032208499
ACH-000885,-0.124626824,0.049982831
ACH-000886,-0.136283872,0.084829363
ACH-000887,-0.067645562,0.04928742
ACH-000888,-0.185207783,0.137439165
ACH-000889,-0.095169097,0.058034518
ACH-000890,0.095088841,0.012283344
ACH-000894,-0.101370365,0.063808314
ACH-000896,-0.113665972,0.059210178
ACH-000898,-0.029421428,0.028023742
ACH-000899,-0.033875704,0.02437535
ACH-000900,0.009334484,0.017972235
ACH-000901,-0.274333574,0.22675581
ACH-000903,-0.235634402,0.161164887
ACH-000905,-0.034346104,0.022590008
ACH-000906,-0.074720303,0.047469497
ACH-000907,-0.040739953,0.028497729
ACH-000910,-0.05067765,0.031933587
ACH-000911,-0.132590729,0.067594822
ACH-000912,-0.055787818,0.029864221
ACH-000913,-0.008166586,0.02539622
ACH-000914,-0.196082727,0.145254204
ACH-000915,0.01960618,0.015077281
ACH-000916,-0.316110463,0.131090535
ACH-000917,-0.068287117,0.037338394
ACH-000919,-0.274741164,0.171712234
ACH-000920,-0.251636507,0.128283066
ACH-000921,-0.146323925,0.071743156
ACH-000922,-0.226734361,0.176028603
ACH-000924,-0.238113917,0.18704043
ACH-000926,0.138757561,0.006835882
ACH-000928,-0.000331413,0.018063942
ACH-000929,-0.199469997,0.082621585
ACH-000932,-0.037337015,0.02751641
ACH-000934,-0.433259065,0.604838915
ACH-000935,-0.213901151,0.105738756
ACH-000936,-0.116322847,0.067314373
ACH-000937,-0.091097425,0.04880434
ACH-000938,0.015631292,0.012726096
ACH-000939,-0.055250134,0.030436021
ACH-000941,-0.090998921,0.055293947
ACH-000943,-0.044911198,0.026701244
ACH-000944,-0.155254158,0.082447472
ACH-000945,-0.200761582,0.131458019
ACH-000946,-0.117284972,0.060334915
ACH-000947,-0.311271099,0.226591354
ACH-000948,0.051331161,0.005992026
ACH-000950,0.115182127,0.004021114
ACH-000953,-0.040236664,0.034749468
ACH-000956,0.059413536,0.014908819
ACH-000957,-0.093809823,0.03189643
ACH-000958,-0.036257726,0.030368243
ACH-000959,-0.024837485,0.017404876
ACH-000960,-0.293024683,0.266488565
ACH-000961,-0.05352285,0.02466717
ACH-000962,-0.009469442,0.021572972
ACH-000963,0.131727377,0.011359487
ACH-000965,0.136880489,0.003729969
ACH-000966,0.035539093,0.016487239
ACH-000968,-0.077607811,0.038264378
ACH-000969,0.002921299,0.015747289
ACH-000970,0.064803909,0.01120821
ACH-000971,-0.090344468,0.055353423
ACH-000972,-0.224537483,0.090423718
ACH-000973,-0.058444536,0.046496835
ACH-000974,-0.040026795,0.023932436
ACH-000975,-0.200692528,0.155966451
ACH-000976,-0.15080026,0.090216607
ACH-000977,-0.345202766,0.29466182
ACH-000978,0.259609489,0.001620011
ACH-000979,-0.066457306,0.040204952
ACH-000980,-0.214064022,0.162238265
ACH-000983,-0.352914911,0.368421573
ACH-000984,-0.191917003,0.097193615
ACH-000985,0.025790073,0.020294684
ACH-000986,-0.144700825,0.070072005
ACH-000988,0.0633173,0.012821617
ACH-000991,0.040194885,0.014658552
ACH-000993,-0.075997125,0.041990228
ACH-000994,0.211810697,0.002553112
ACH-000995,-0.148341023,0.071287884
ACH-000996,0.140280971,0.007833407
ACH-000997,-0.204825435,0.18294671
ACH-001001,-0.088275651,0.052579014
ACH-001016,0.048907239,0.011858523
ACH-001020,0.057821909,0.012115373
ACH-001028,-0.316732747,0.339547973
ACH-001029,-0.176814194,0.113354712
ACH-001031,-0.443725813,0.546358808
ACH-001033,0.251149768,0.003261911
ACH-001036,-0.090757265,0.039006938
ACH-001038,-0.218783493,0.161468987
ACH-001039,-0.262065136,0.150955962
ACH-001041,0.021691991,0.0148569
ACH-001048,-0.028836986,0.029569165
ACH-001050,0.109914096,0.012172023
ACH-001053,-0.007003187,0.019530786
ACH-001054,0.063185186,0.006212854
ACH-001061,-0.094907978,0.038224212
ACH-001063,0.046734056,0.019498499
ACH-001065,-0.053888457,0.037645145
ACH-001067,-0.216892301,0.152227548
ACH-001075,-0.115763967,0.055250735
ACH-001081,0.262816605,0.004311369
ACH-001096,-0.166457904,0.084047373
ACH-001098,-0.26855902,0.158636496
ACH-001099,-0.186982939,0.102298924
ACH-001107,-0.063036471,0.055399978
ACH-001111,-0.343688674,0.206614725
ACH-001119,0.014260716,0.019258696
ACH-001126,-0.244741542,0.155769376
ACH-001128,-0.175183566,0.097216137
ACH-001129,-0.309119451,0.177855534
ACH-001134,-0.029817574,0.02797789
ACH-001137,-0.124975398,0.078262958
ACH-001145,-0.165241999,0.095187037
ACH-001151,-0.06089105,0.050312942
ACH-001163,0.086235721,0.009320962
ACH-001164,-0.434134041,0.358411874
ACH-001172,-0.043787692,0.029712575
ACH-001183,-0.054183488,0.028031358
ACH-001184,-0.444172786,0.424710738
ACH-001188,-0.143170662,0.06907098
ACH-001190,0.012362487,0.021044846
ACH-001192,-0.145084816,0.076566014
ACH-001193,-0.306664959,0.191320429
ACH-001194,0.021500904,0.024861761
ACH-001196,-0.16000199,0.077975271
ACH-001197,0.145279264,0.004460205
ACH-001205,-0.142311993,0.061281742
ACH-001211,-0.227476932,0.150871718
ACH-001212,-0.054383938,0.032712078
ACH-001228,-0.315522199,0.211442192
ACH-001229,-0.016566533,0.022852663
ACH-001232,-0.047211708,0.030640169
ACH-001233,-0.189951473,0.235178284
ACH-001239,-0.213542776,0.163574839
ACH-001270,-0.516974377,0.42040653
ACH-001274,-0.164527937,0.091626015
ACH-001275,-0.120571802,0.054034883
ACH-001277,-0.213771747,0.094185708
ACH-001278,-0.289794891,0.230233157
ACH-001279,-0.330854909,0.345066318
ACH-001280,-0.165945544,0.083970155
ACH-001283,-0.173500421,0.084073881
ACH-001289,-0.105510636,0.045299922
ACH-001295,-0.235001298,0.156460093
ACH-001300,-0.119787297,0.05275501
ACH-001301,0.037998248,0.015229689
ACH-001302,-0.036451899,0.024713286
ACH-001303,-0.244912912,0.126272784
ACH-001306,-0.188997732,0.130337576
ACH-001307,-0.011568271,0.024027349
ACH-001310,-0.239071096,0.168606243
ACH-001318,-0.39078271,0.379295658
ACH-001322,-0.131828489,0.058091241
ACH-001328,-0.153019415,0.089239067
ACH-001329,-0.078003155,0.055174862
ACH-001331,-0.078893655,0.07753602
ACH-001332,-0.109480851,0.041108414
ACH-001333,-0.065236309,0.029723996
ACH-001334,0.045813366,0.009558015
ACH-001335,-0.300523389,0.225979451
ACH-001336,-0.240109564,0.183665127
ACH-001338,-0.405056011,0.38265373
ACH-001340,-0.245441963,0.224282709
ACH-001341,-0.070234336,0.063559147
ACH-001344,-0.556749943,0.425222119
ACH-001345,-0.066250417,0.039393476
ACH-001346,-0.069701614,0.034015642
ACH-001347,-0.172971568,0.096401581
ACH-001353,-0.075743645,0.051237809
ACH-001354,-0.001042347,0.018326162
ACH-001356,0.082221849,0.017338392
ACH-001360,-0.055051388,0.045315
ACH-001366,-0.054324094,0.034745064
ACH-001367,-0.132615446,0.058674079
ACH-001368,0.053866481,0.01039064
ACH-001370,-0.216547795,0.108949979
ACH-001374,-0.231263603,0.104794861
ACH-001375,0.092061912,0.013034663
ACH-001377,-0.031425442,0.02033035
ACH-001379,-0.14441577,0.072258052
ACH-001380,-0.223725725,0.175455842
ACH-001382,-0.122383178,0.04424265
ACH-001385,-0.171896906,0.093771849
ACH-001386,-0.053499249,0.033705986
ACH-001388,-0.138513642,0.082036143
ACH-001389,-0.16147899,0.116526632
ACH-001390,-0.022601163,0.019573079
ACH-001391,-0.153607884,0.0842784
ACH-001392,-0.105554386,0.038596709
ACH-001393,-0.037512531,0.025476757
ACH-001394,-0.14485304,0.084169927
ACH-001396,-0.278501893,0.137292303
ACH-001398,-0.165796406,0.057030626
ACH-001399,-0.058251719,0.046294954
ACH-001400,-0.201909609,0.091393469
ACH-001401,-0.132184148,0.039062657
ACH-001402,-0.053359852,0.034351926
ACH-001403,-0.257597624,0.198706015
ACH-001407,-0.144238375,0.103957037
ACH-001408,-0.08031455,0.04518395
ACH-001409,-0.084413656,0.049570248
ACH-001411,-0.155644874,0.058504735
ACH-001412,0.041797716,0.016340947
ACH-001413,-0.059504583,0.042126345
ACH-001414,-0.024234253,0.022402373
ACH-001415,0.199273706,0.00867173
ACH-001416,-0.173459775,0.072998242
ACH-001418,-0.012311073,0.025207535
ACH-001419,-0.133034854,0.066623784
ACH-001421,-0.282746452,0.161869783
ACH-001422,-0.203741936,0.150852135
ACH-001430,-0.094466711,0.042584265
ACH-001431,-0.136112001,0.070288862
ACH-001433,-0.141827803,0.087385973
ACH-001442,-0.207992166,0.124659255
ACH-001443,-0.051973071,0.035643397
ACH-001450,-0.403577454,0.341291443
ACH-001451,-0.300034656,0.243917845
ACH-001453,-0.120526124,0.06163279
ACH-001454,-0.233624209,0.079464117
ACH-001458,-0.255072053,0.12378645
ACH-001459,0.047566358,0.010141793
ACH-001460,-0.040231953,0.026170095
ACH-001461,0.005760743,0.024158941
ACH-001481,-0.338308413,0.266413871
ACH-001484,-0.129699895,0.061596278
ACH-001494,-0.061657431,0.042446091
ACH-001495,-0.441850468,0.426988088
ACH-001496,-0.001212993,0.023924432
ACH-001497,-0.00195195,0.019230115
ACH-001498,-0.281779277,0.202531737
ACH-001500,0.010043888,0.020683924
ACH-001502,-0.254706027,0.126626202
ACH-001509,-0.204364768,0.089206121
ACH-001510,-0.09116739,0.053734002
ACH-001511,-0.307686292,0.22281549
ACH-001513,-0.232253023,0.197500321
ACH-001515,-0.128924039,0.072299455
ACH-001517,0.064882551,0.020368895
ACH-001518,0.002196927,0.030772232
ACH-001520,-0.057880654,0.027814354
ACH-001521,-0.130357939,0.053741714
ACH-001522,0.004881117,0.019643367
ACH-001523,-0.079511829,0.032010652
ACH-001524,0.011769528,0.019670484
ACH-001525,-0.086049295,0.041967083
ACH-001526,-0.004622148,0.023340116
ACH-001528,-0.106395897,0.057372849
ACH-001529,-0.111798143,0.058435403
ACH-001530,0.056489388,0.012148814
ACH-001532,-0.140027515,0.067193429
ACH-001533,-0.065295445,0.03438642
ACH-001536,-0.105028956,0.052974396
ACH-001538,-0.155754007,0.091777282
ACH-001539,-0.124307872,0.045186941
ACH-001542,-0.081161247,0.036332775
ACH-001543,-0.071281695,0.035291974
ACH-001544,-0.225939093,0.104732841
ACH-001547,0.029958294,0.018214967
ACH-001548,-0.108983675,0.041992509
ACH-001549,-0.187865131,0.129504539
ACH-001550,-0.046596061,0.027293539
ACH-001551,-0.21311477,0.140138047
ACH-001552,-0.387553938,0.239668013
ACH-001554,-0.106168346,0.052329716
ACH-001555,0.058567308,0.014714333
ACH-001556,-0.093322474,0.051497535
ACH-001557,0.038747125,0.015160475
ACH-001558,0.143603754,0.00684578
ACH-001559,-0.04864226,0.0256963
ACH-001560,-0.412869686,0.467913465
ACH-001562,-0.182115331,0.099225225
ACH-001563,-0.122753781,0.06374151
ACH-001566,-0.021930893,0.030103784
ACH-001567,0.038899275,0.011086594
ACH-001568,0.026140758,0.016795006
ACH-001570,-0.087699456,0.035711501
ACH-001574,-0.243541574,0.184131725
ACH-001577,-0.209363172,0.096202279
ACH-001578,0.176718886,0.003051986
ACH-001603,-0.063950707,0.037244389
ACH-001605,0.071541417,0.014583039
ACH-001606,-0.08604114,0.060045934
ACH-001607,-0.060599664,0.059619424
ACH-001608,-0.115931116,0.068974669
ACH-001609,-0.165832107,0.096557056
ACH-001610,-0.036370592,0.025819262
ACH-001611,-0.095999373,0.04176023
ACH-001613,0.553061615,2.89E-05
ACH-001616,-0.089417011,0.050923172
ACH-001618,-0.124878371,0.059723309
ACH-001619,-0.126619612,0.070123295
ACH-001622,-0.114882639,0.086265038
ACH-001623,-0.052422465,0.031862604
ACH-001624,-0.029976371,0.031324755
ACH-001625,-0.403641103,0.273229893
ACH-001626,-0.138320511,0.081030798
ACH-001627,-0.098215824,0.0578066
ACH-001628,-0.161342712,0.074206743
ACH-001630,-0.290705643,0.283914963
ACH-001632,-0.184852159,0.170787385
ACH-001634,-0.232467569,0.142340486
ACH-001639,0.032035542,0.025327196
ACH-001641,-0.19422873,0.0911021
ACH-001642,-0.003931808,0.021949793
ACH-001645,-0.132492483,0.061012441
ACH-001647,-0.241681688,0.152948956
ACH-001648,-0.098495268,0.059213521
ACH-001649,-0.875546629,0.89096242
ACH-001650,-0.189732158,0.124920233
ACH-001651,-0.088057593,0.043690888
ACH-001652,-0.120763628,0.082364442
ACH-001653,-0.02898142,0.023996305
ACH-001654,-0.187531507,0.127776926
ACH-001655,-0.125796311,0.045772512
ACH-001656,-0.20344248,0.121178772
ACH-001662,-0.115190464,0.054554361
ACH-001664,-0.106599874,0.066915461
ACH-001668,-0.263139564,0.17565591
ACH-001669,-0.1114033,0.051315404
ACH-001670,0.001727367,0.016678245
ACH-001673,-0.171071866,0.115522748
ACH-001674,-0.143292296,0.08917838
ACH-001675,-0.213541713,0.156208416
ACH-001677,-0.504785243,0.506157859
ACH-001683,-0.035994641,0.029279069
ACH-001685,-0.184186154,0.124336415
ACH-001687,0.073484063,0.008485547
ACH-001688,-0.248646809,0.156083825
ACH-001690,-0.227638765,0.214218656
ACH-001691,-0.158337461,0.129432126
ACH-001692,-0.074772599,0.050612206
ACH-001694,-0.044999161,0.026762696
ACH-001695,-0.09370697,0.051815496
ACH-001696,-0.071092823,0.047094456
ACH-001698,-0.066040485,0.033194401
ACH-001699,0.018983316,0.015126652
ACH-001701,0.016861704,0.018121529
ACH-001702,0.014052889,0.023017714
ACH-001707,-0.02552492,0.026376425
ACH-001709,-0.077748249,0.045726801
ACH-001711,0.095418569,0.009939874
ACH-001715,-0.319394248,0.23445191
ACH-001719,-0.021268732,0.037123605
ACH-001735,-0.089528241,0.044222213
ACH-001736,-0.065733158,0.036358157
ACH-001737,-0.116390262,0.072502045
ACH-001740,-0.146412638,0.082672694
ACH-001745,-0.123758111,0.072673596
ACH-001750,-0.04519832,0.024700195
ACH-001765,-0.072213517,0.044728858
ACH-001786,-0.132865948,0.059892825
ACH-001791,-0.069681807,0.036969161
ACH-001793,-0.111258365,0.069699476
ACH-001794,-0.051261416,0.047742449
ACH-001795,-0.19077404,0.144711264
ACH-001796,-0.063223864,0.044483187
ACH-001799,-0.087693422,0.04401713
ACH-001802,-0.0708391,0.057955999
ACH-001804,-0.171306969,0.074983782
ACH-001814,0.009950566,0.021477029
ACH-001819,-0.218728073,0.193573415
ACH-001820,-0.132134693,0.071975725
ACH-001834,-0.109778134,0.070725799
ACH-001835,-0.204646144,0.164019886
ACH-001836,-0.145399981,0.093029659
ACH-001838,-0.031122368,0.033808487
ACH-001839,0.037955594,0.013579442
ACH-001841,-0.207252303,0.191348032
ACH-001842,-0.162989124,0.060464776
ACH-001843,-0.0019669,0.018234677
ACH-001844,-0.106976312,0.049126566
ACH-001848,-0.095202342,0.064087942
ACH-001849,-0.074868476,0.045177681
ACH-001850,-0.067493585,0.039610114
ACH-001852,-0.201806442,0.16347782
ACH-001853,-0.093190633,0.034211751
ACH-001856,-0.114993017,0.062838155
ACH-001857,-0.14903314,0.060007898
ACH-001858,-0.202827987,0.129642616
ACH-001861,-0.200793368,0.109317827
ACH-001862,-0.299441249,0.32922434
ACH-001863,-0.17566083,0.098785808
ACH-001864,-0.034551688,0.029550195
ACH-001959,-0.165363946,0.099888211
ACH-001960,-0.175922292,0.117056477
ACH-001961,-0.125034893,0.091316582
ACH-001970,-0.144966524,0.061187989
ACH-001972,-0.227943146,0.155869926
ACH-001973,-0.166550045,0.066232612
ACH-001975,-0.086493889,0.031149881
ACH-001977,-0.344694189,0.358582234
ACH-001982,0.020020476,0.01736615
ACH-001986,-0.041661348,0.024664847
ACH-001990,-0.04501451,0.035325488
ACH-001991,0.106611264,0.005661245
ACH-001992,-0.069314076,0.042196419
ACH-001993,-0.025149689,0.022275877
ACH-001997,-0.090422363,0.062407149
ACH-001999,-0.20070598,0.15001512
ACH-002001,-0.26751637,0.171747858
ACH-002002,-0.189642321,0.125226132
ACH-002003,-0.229159831,0.106421083
ACH-002004,-0.234305872,0.112982863
ACH-002005,-0.133086915,0.046229632
ACH-002014,-0.169700672,0.057332815
ACH-002015,-0.028681606,0.022112567
ACH-002016,-0.145784022,0.086185659
ACH-002018,-0.16801178,0.121553236
ACH-002019,-0.026990647,0.034609276
ACH-002020,-0.06677914,0.054348637
ACH-002021,-0.212164366,0.118295902
ACH-002023,-0.141981829,0.104088271
ACH-002024,-0.070959602,0.027799248
ACH-002025,-0.336012578,0.334200567
ACH-002026,-0.058574836,0.031573414
ACH-002027,-0.260002061,0.140467826
ACH-002029,-0.196601978,0.129497267
ACH-002030,-0.150331308,0.100929576
ACH-002033,-0.326491366,0.331918091
ACH-002035,-0.26147147,0.172749362
ACH-002039,-0.074326209,0.032319347
ACH-002040,-0.101836869,0.051276631
ACH-002041,-0.141372355,0.108619587
ACH-002042,0.012167049,0.018526388
ACH-002043,-0.235779058,0.196662973
ACH-002044,-0.161801526,0.090283267
ACH-002045,-0.54679603,0.657061194
ACH-002046,-0.140483806,0.092640294
ACH-002048,-0.043944606,0.026967778
ACH-002051,-0.030623696,0.033662643
ACH-002052,-0.303285271,0.243604098
ACH-002055,-0.169072865,0.072406904
ACH-002059,-0.093153366,0.040165001
ACH-002061,0.215817638,0.002644533
ACH-002062,-0.378871811,0.267869279
ACH-002066,-0.180767085,0.145863646
ACH-002067,-0.217460764,0.12131456
ACH-002069,-0.16513688,0.088509698
ACH-002070,-0.166504629,0.111197675
ACH-002077,-0.148662407,0.050561222
ACH-002080,-0.165855085,0.109841086
ACH-002083,0.126248249,0.007276065
ACH-002084,-0.127050231,0.074462134
ACH-002105,-0.072247308,0.039455958
ACH-002106,-0.119321705,0.087003147
ACH-002109,-0.187083812,0.095795589
ACH-002110,-0.248419004,0.16270422
ACH-002114,-0.016375201,0.022272645
ACH-002116,-0.121004763,0.09386298
ACH-002119,-0.044705084,0.02895928
ACH-002140,0.0862201,0.016198973
ACH-002141,-0.095541779,0.055664338
ACH-002143,-0.234014838,0.216578453
ACH-002150,-0.130082859,0.109703571
ACH-002156,-0.152213309,0.101443225
ACH-002160,-0.123584074,0.053889294
ACH-002161,-0.032763702,0.027731199
ACH-002179,0.244734285,0.004336017
ACH-002181,-0.184685464,0.171596865
ACH-002183,0.031953348,0.017418756
ACH-002186,-0.001558309,0.02935074
ACH-002189,-0.190669171,0.167751865
ACH-002198,-0.442810266,0.373674164
ACH-002202,-0.320023714,0.198989309
ACH-002204,-0.310945548,0.273247516
ACH-002210,-0.115621803,0.073845083
ACH-002212,-0.139798385,0.056487373
ACH-002214,-0.044449316,0.029184384
ACH-002215,-0.053093971,0.031991583
ACH-002228,-0.251288475,0.204035698
ACH-002229,-0.106663728,0.080747422
ACH-002230,-0.242994737,0.174099833
ACH-002233,-0.653831401,0.720674425
ACH-002234,-0.242753472,0.096962581
ACH-002239,-0.425044713,0.479599576
ACH-002243,-0.456457101,0.415786363
ACH-002247,-0.168823565,0.115749761
ACH-002249,-0.226314662,0.184362625
ACH-002250,-0.120912997,0.075238241
ACH-002251,-0.086152102,0.069024616
ACH-002257,-0.183304123,0.175547278
ACH-002261,-0.095181815,0.062847949
ACH-002263,-0.182964134,0.165955506
ACH-002265,-0.200468513,0.167763072
ACH-002269,0.015065895,0.022708656
ACH-002278,-0.280892464,0.257868009
ACH-002280,0.011120977,0.021689479
ACH-002282,-0.166008598,0.132759467
ACH-002283,-0.176524702,0.112984411
ACH-002284,0.001940841,0.027356122
ACH-002285,-0.00465111,0.030916509
ACH-002291,-0.171209985,0.077207956
ACH-002294,-0.175358836,0.102619444
ACH-002295,-0.052724289,0.069853623
ACH-002296,-0.070010546,0.03240275
ACH-002297,0.14565007,0.004394378
ACH-002298,-0.215627167,0.113654289
ACH-002304,-0.129978473,0.098063137
ACH-002305,-0.38518751,0.281972797
ACH-002399,-0.052804115,0.03228956
ACH-002401,-0.174288763,0.128164146
ACH-002446,-0.139084419,0.112939305
ACH-002458,0.120715475,0.005402086
ACH-002460,-0.019959202,0.023812168
ACH-002461,-0.10255344,0.066673482
ACH-002462,-0.171720581,0.098257154
ACH-002463,-0.241264398,0.136994709
ACH-002464,-0.161468483,0.095621566
ACH-002465,-0.013504643,0.023835085
ACH-002467,-0.144483622,0.054306756
ACH-002471,-0.168340762,0.085645814
ACH-002478,-0.053693639,0.036962921
ACH-002485,-0.104850359,0.045257656
ACH-002486,-0.059242327,0.035597865
ACH-002500,-0.119754967,0.065667994
ACH-002508,0.025797845,0.022738502
ACH-002510,-0.059019073,0.026382395
ACH-002511,-0.011484072,0.036287466
ACH-002512,-0.069997936,0.037014642
ACH-002522,-0.214801297,0.101275842
ACH-002523,-0.102040743,0.071601834
ACH-002524,-0.130056813,0.063016381
ACH-002526,-0.060084398,0.034957986
ACH-002531,-0.036086266,0.028895333
ACH-002533,-0.164746326,0.132592313
ACH-002535,0.049286457,0.015978286
ACH-002647,-0.079005234,0.040033172
ACH-002650,-0.000647315,0.029785545
ACH-002654,-0.123453818,0.065203383
ACH-002659,-0.280519554,0.24085341
ACH-002660,-0.120605734,0.045084001
ACH-002662,-0.005220499,0.018746022
ACH-002664,-0.141916834,0.098016093
ACH-002669,-0.048538673,0.042746469
ACH-002672,-0.063668034,0.047620698
ACH-002677,-0.12490829,0.083249645
ACH-002678,0.011928485,0.013620096
ACH-002680,-0.016649019,0.033531745
ACH-002687,0.143264839,0.005695218
ACH-002693,-0.002930829,0.019229118
ACH-002705,-0.121984203,0.07565365
ACH-002706,-0.069304003,0.042892208
ACH-002710,-0.125184332,0.093458194
ACH-002711,-0.037910251,0.028776829
ACH-002785,0.025459374,0.023824743
ACH-002799,-0.171694876,0.132655304
ACH-002800,-0.018169539,0.025801224
ACH-002834,-0.09519602,0.05081295
ACH-002847,-0.02483873,0.033562307
ACH-002922,-0.234067392,0.186211972
ACH-002925,-0.222077592,0.14843581
ACH-002926,-0.028515705,0.020703025
ACH-002928,-0.157686492,0.067097285
ACH-003012,-0.073823555,0.03424848
